frame,sim_time,current_vel,desired_vel
0,0.000000,0.000000,0.000000
1,0.080000,0.793590,0.100000
2,0.160000,1.628635,0.100000
3,0.240000,1.733505,0.100000
4,0.320000,1.672815,0.100000
5,0.030000,0.041186,0.100000
6,0.110000,1.135220,0.100000
7,0.190000,1.571782,0.100980
8,0.050000,0.206502,0.100000
9,0.130000,0.169327,0.100000
10,0.040000,0.249894,0.100000
11,0.120000,0.737319,0.100000
12,0.000000,0.009675,0.100000
13,0.080000,0.490012,0.100980
14,0.160000,1.429842,0.100980
15,0.240000,1.518317,0.100980
16,0.320000,1.498261,0.100980
17,0.400000,1.027055,0.100980
18,0.070000,0.062119,0.100000
19,0.030000,0.072448,0.100980
20,0.110000,0.724995,0.100980
21,0.190000,1.632588,0.100980
22,0.270000,1.631553,0.100980
23,0.350000,1.680242,0.100980
24,0.020000,0.027484,0.100000
25,0.100000,0.947658,0.100000
26,0.180000,1.681514,0.100980
27,0.260000,1.698411,0.100980
28,0.340000,1.700478,0.100980
29,0.020000,0.039775,0.100000
30,0.100000,0.545239,0.100000
31,0.180000,0.655186,0.100000
32,0.030000,0.126961,0.100000
33,0.110000,1.149105,0.100000
34,0.190000,1.747979,0.100000
35,0.270000,1.748567,0.100000
36,0.350000,1.655944,0.100000
37,0.020000,0.049522,0.100000
38,0.100000,0.530605,0.100980
39,0.180000,0.433523,0.100980
40,0.260000,0.076147,0.100980
41,0.340000,0.145547,0.100980
42,0.060000,0.233199,0.100000
43,0.010000,0.028861,0.100000
44,0.090000,0.721404,0.100980
45,0.170000,1.496633,0.100980
46,0.250000,1.506156,0.100980
47,0.330000,1.503537,0.100980
48,0.010000,0.047402,0.100000
49,0.090000,0.420230,0.100000
50,0.170000,0.389144,0.100000
51,0.020000,0.030779,0.100000
52,0.100000,1.102342,0.100000
53,0.180000,1.670349,0.100000
54,0.260000,1.567024,0.100000
55,0.340000,1.671639,0.100000
56,0.010000,0.083125,0.100000
57,0.090000,0.941950,0.100980
58,0.170000,1.560806,0.100980
59,0.250000,1.509899,0.100980
60,0.330000,0.987672,0.100980
61,0.020000,0.064736,0.100000
62,0.100000,0.622334,0.100000
63,0.180000,0.846255,0.100980
64,0.070000,0.395988,0.100000
65,0.150000,1.412252,0.100000
66,0.230000,1.672544,0.100000
67,0.310000,1.621735,0.100000
68,0.390000,1.154012,0.100000
69,0.010000,0.025428,0.100000
70,0.090000,0.590451,0.100000
71,0.010000,0.027270,0.100000
72,0.090000,0.643347,0.100000
73,0.010000,0.020957,0.100000
74,0.090000,1.070100,0.100000
75,0.170000,1.651100,0.100000
76,0.250000,1.593800,0.100980
77,0.330000,1.464236,0.100980
78,0.040000,0.068842,0.100000
79,0.120000,0.918741,0.100000
80,0.200000,1.641368,0.100000
81,0.280000,1.733237,0.100000
82,0.360000,1.440117,0.100980
83,0.440001,0.572421,0.100980
84,0.520000,0.289576,0.100980
85,0.599999,0.041177,0.100980
86,0.679998,0.070074,0.100980
87,0.759997,0.095912,0.100980
88,0.010000,0.019510,0.100000
89,0.090000,0.636900,0.100000
90,0.170000,1.128248,0.100000
91,0.070000,0.399051,0.100000
92,0.150000,1.409910,0.100000
93,0.230000,1.654230,0.100000
94,0.310000,1.525722,0.100980
95,0.010000,0.063077,0.100000
96,0.090000,0.365085,0.100000
97,0.170000,0.404874,0.100000
98,0.050000,0.263434,0.100000
99,0.130000,1.259697,0.100000
100,0.210000,1.629516,0.100000
101,0.290000,1.541666,0.100980
102,0.370000,1.082546,0.100980
103,0.060000,0.264337,0.100000
104,0.140000,1.000149,0.100000
105,0.220000,1.325678,0.100000
106,0.300000,1.369539,0.100000
107,0.030000,0.043579,0.100000
108,0.110000,0.185280,0.100000
109,0.040000,0.377872,0.100000
110,0.120000,1.317141,0.100000
111,0.200000,1.619247,0.100000
112,0.280000,1.569860,0.100000
113,0.360000,1.537367,0.100980
114,0.070000,0.462450,0.100000
115,0.020000,0.175322,0.100000
116,0.100000,0.356103,0.100000
117,0.030000,0.050058,0.100000
118,0.110000,0.315373,0.100000
119,0.050000,0.328235,0.100980
120,0.130000,0.688634,0.100980
121,0.020000,0.068903,0.100000
122,0.100000,0.360238,0.100000
123,0.180000,0.520111,0.100000
124,0.040000,0.170898,0.100000
125,0.120000,0.756692,0.100000
126,0.000000,0.023510,0.100000
127,0.080000,0.865168,0.100000
128,0.160000,1.581392,0.100000
129,0.240000,1.623921,0.100000
130,0.320000,1.548225,0.100000
131,0.040000,0.385840,0.100000
132,0.120000,0.679005,0.100980
133,0.200000,0.478143,0.100980
134,0.050000,0.135572,0.100000
135,0.130000,1.056890,0.100000
136,0.210000,1.652434,0.100000
137,0.290000,1.722469,0.100000
138,0.370000,1.285037,0.100980
139,0.030000,0.088031,0.100000
140,0.110000,1.040308,0.100000
141,0.190000,1.754718,0.100000
142,0.270000,1.771742,0.100000
143,0.350000,1.773217,0.100000
144,0.010000,0.040931,0.100000
145,0.090000,0.198094,0.100000
146,0.020000,0.102013,0.100000
147,0.100000,1.154857,0.100000
148,0.180000,1.683493,0.100000
149,0.260000,1.610842,0.100000
150,0.340000,1.582411,0.100000
151,0.040000,0.309344,0.100000
152,0.120000,1.277107,0.100000
153,0.200000,1.756943,0.100000
154,0.280000,1.715271,0.100000
155,0.360000,1.541384,0.100000
156,0.070000,0.111728,0.100000
157,0.150000,0.660919,0.100980
158,0.030000,0.119321,0.100000
159,0.110000,0.364094,0.100000
160,0.040000,0.067520,0.100000
161,0.120000,0.940727,0.100000
162,0.200000,1.674670,0.100000
163,0.280000,1.721094,0.100980
164,0.360000,0.957349,0.100980
165,0.440001,0.847597,0.100980
166,0.520000,0.790683,0.100980
167,0.599999,0.679756,0.100980
168,0.679998,0.477883,0.100980
169,0.060000,0.166711,0.100980
170,0.020000,0.021905,0.100000
171,0.100000,1.070248,0.100000
172,0.180000,1.676173,0.100000
173,0.260000,1.648925,0.100000
174,0.340000,1.547872,0.100000
175,0.040000,0.191722,0.100000
176,0.120000,0.656491,0.100980
177,0.200000,1.022290,0.100980
178,0.060000,0.343095,0.100000
179,0.140000,1.354776,0.100000
180,0.220000,1.711488,0.100000
181,0.300000,1.685551,0.100000
182,0.380000,1.158356,0.100980
183,0.070000,0.416412,0.100000
184,0.000000,0.001622,0.100000
185,0.080000,0.838025,0.100000
186,0.160000,1.632885,0.100000
187,0.240000,1.645404,0.100000
188,0.320000,1.539097,0.100980
189,0.020000,0.016811,0.100000
190,0.100000,1.047498,0.100000
191,0.180000,1.639268,0.100000
192,0.260000,1.606478,0.100000
193,0.340000,1.539280,0.100000
194,0.060000,0.338858,0.100980
195,0.140000,1.361688,0.100980
196,0.220000,1.426841,0.100980
197,0.300000,1.369558,0.100980
198,0.000000,0.035482,0.100000
199,0.080000,0.288749,0.100000
200,0.160000,0.402437,0.100000
201,0.070000,0.574356,0.100000
202,0.150000,0.784120,0.100000
203,0.050000,0.547154,0.100000
204,0.130000,0.771118,0.100000
205,0.040000,0.368599,0.100000
206,0.120000,0.636812,0.100000
207,0.050000,0.547517,0.100000
208,0.130000,1.463074,0.100000
209,0.210000,1.535972,0.100000
210,0.290000,1.455768,0.100000
211,0.040000,0.287212,0.100000
212,0.120000,0.414659,0.100000
213,0.050000,0.192217,0.100980
214,0.130000,0.478754,0.100980
215,0.050000,0.315257,0.100000
216,0.130000,1.323371,0.100000
217,0.210000,1.730351,0.100000
218,0.290000,1.732577,0.100000
219,0.370000,1.561192,0.100980
220,0.010000,0.054484,0.100000
221,0.090000,0.169692,0.100000
222,0.170000,0.207102,0.100000
223,0.040000,0.096742,0.100000
224,0.120000,0.466740,0.100000
225,0.200000,0.514513,0.100000
226,0.060000,0.666094,0.100000
227,0.140000,1.518079,0.100000
228,0.220000,1.587535,0.100000
229,0.300000,1.538473,0.100000
230,0.010000,0.010339,0.100000
231,0.090000,0.954745,0.100000
232,0.170000,1.702570,0.100980
233,0.250000,1.728714,0.100980
234,0.330000,1.671679,0.100980
235,0.020000,0.048391,0.100000
236,0.100000,0.670108,0.100000
237,0.180000,1.566590,0.100000
238,0.260000,1.756567,0.100980
239,0.340000,1.554477,0.100980
240,0.420000,0.852654,0.100980
241,0.020000,0.087411,0.100000
242,0.100000,0.270005,0.100000
243,0.030000,0.097005,0.100000
244,0.110000,1.005764,0.100980
245,0.190000,1.595621,0.100980
246,0.270000,1.592171,0.100980
247,0.350000,1.422638,0.100980
248,0.030000,0.145274,0.100000
249,0.110000,0.319897,0.100000
250,0.190000,0.299809,0.100000
251,0.050000,0.185308,0.100000
252,0.130000,1.188238,0.100000
253,0.210000,1.709809,0.100000
254,0.290000,1.753173,0.100000
255,0.370000,1.688321,0.100000
256,0.010000,0.009599,0.100000
257,0.090000,0.490019,0.100980
258,0.170000,1.381164,0.100980
259,0.250000,1.337025,0.100980
260,0.330000,1.317928,0.100980
261,0.410000,1.359469,0.100980
262,0.050000,0.374672,0.100000
263,0.130000,1.041023,0.100980
264,0.040000,0.278698,0.100000
265,0.120000,1.275120,0.100000
266,0.200000,1.642100,0.100000
267,0.280000,1.616090,0.100000
268,0.360000,1.427729,0.100000
269,0.070000,0.404805,0.100980
270,0.150000,0.493579,0.100980
271,0.030000,0.133619,0.100000
272,0.110000,0.482247,0.100000
273,0.190000,0.606900,0.100000
274,0.070000,0.658723,0.100000
275,0.150000,1.581899,0.100000
276,0.230000,1.704197,0.100980
277,0.310000,1.631073,0.100980
278,0.390000,1.579406,0.100980
279,0.070000,0.169964,0.100000
280,0.000000,0.006623,0.100000
281,0.080000,0.923633,0.100000
282,0.160000,1.626720,0.100980
283,0.240000,1.662255,0.100980
284,0.320000,1.575507,0.100980
285,0.010000,0.041777,0.100000
286,0.090000,0.125610,0.100000
287,0.020000,0.105459,0.100000
288,0.100000,0.574368,0.100980
289,0.180000,1.507808,0.100980
290,0.260000,1.531811,0.100980
291,0.340000,1.511402,0.100980
292,0.420000,1.185235,0.100980
293,0.070000,0.475425,0.100000
294,0.150000,1.386542,0.100980
295,0.230000,1.515287,0.100980
296,0.310000,1.149047,0.100980
297,0.390000,0.593759,0.100980
298,0.470001,0.653198,0.100980
299,0.550000,0.531428,0.100980
300,0.000000,0.008323,0.100000
301,0.080000,0.583800,0.100980
302,0.160000,1.443689,0.100980
303,0.240000,1.538829,0.100980
304,0.320000,1.546330,0.100980
305,0.000000,0.044190,0.100000
306,0.080000,0.290536,0.100000
307,0.160000,0.328240,0.100980
308,0.040000,0.155996,0.100000
309,0.120000,1.172999,0.100000
310,0.200000,1.794617,0.100000
311,0.280000,1.793470,0.100000
312,0.360000,1.787661,0.100000
313,0.030000,0.114026,0.100000
314,0.110000,0.249621,0.100000
315,0.190000,0.302949,0.100000
316,0.060000,0.228303,0.100000
317,0.140000,1.289378,0.100000
318,0.220000,1.837058,0.100000
319,0.300000,1.734195,0.100980
320,0.380000,1.770382,0.100980
321,0.010000,0.004619,0.100000
322,0.090000,0.598986,0.100000
323,0.170000,0.687106,0.100000
324,0.040000,0.312948,0.100000
325,0.120000,1.305410,0.100000
326,0.200000,1.725156,0.100980
327,0.280000,1.639179,0.100980
328,0.360000,1.646557,0.100980
329,0.010000,0.077862,0.100000
330,0.090000,0.444112,0.100000
331,0.010000,0.022120,0.100000
332,0.090000,0.875725,0.100980
333,0.170000,1.459211,0.100980
334,0.250000,1.448199,0.100980
335,0.330000,1.396510,0.100980
336,0.030000,0.138422,0.100000
337,0.110000,0.762610,0.100000
338,0.050000,0.428302,0.100980
339,0.130000,1.289600,0.100980
340,0.210000,1.512015,0.100980
341,0.290000,1.401026,0.100980
342,0.020000,0.036937,0.100000
343,0.100000,1.061000,0.100000
344,0.180000,1.604954,0.100980
345,0.260000,1.635791,0.100980
346,0.340000,1.510403,0.100980
347,0.030000,0.018321,0.100000
348,0.110000,0.812515,0.100000
349,0.190000,1.610030,0.100000
350,0.270000,1.683217,0.100000
351,0.350000,1.605824,0.100980
352,0.020000,0.044917,0.100000
353,0.100000,0.020316,0.100000
354,0.050000,0.074198,0.100000
355,0.130000,0.871756,0.100000
356,0.000000,0.009346,0.100000
357,0.080000,0.440151,0.100980
358,0.160000,1.470072,0.100980
359,0.240000,1.582400,0.100980
360,0.320000,1.445766,0.100980
361,0.010000,0.017398,0.100000
362,0.090000,0.233682,0.100000
363,0.030000,0.170902,0.100000
364,0.110000,1.223256,0.100000
365,0.190000,1.712221,0.100000
366,0.270000,1.669170,0.100000
367,0.350000,1.604727,0.100000
368,0.050000,0.079822,0.100000
369,0.130000,0.845010,0.100980
370,0.210000,1.317605,0.100980
371,0.290000,1.269079,0.100980
372,0.370000,1.287107,0.100980
373,0.030000,0.083805,0.100000
374,0.110000,0.254189,0.100000
375,0.020000,0.075804,0.100000
376,0.100000,0.429258,0.100980
377,0.020000,0.115047,0.100000
378,0.100000,1.148197,0.100000
379,0.180000,1.581823,0.100000
380,0.260000,1.584700,0.100000
381,0.340000,1.496820,0.100000
382,0.060000,0.326321,0.100980
383,0.140000,1.309124,0.100980
384,0.220000,1.465152,0.100980
385,0.300000,1.358296,0.100980
386,0.000000,0.019895,0.100000
387,0.080000,0.397317,0.100000
388,0.160000,0.708921,0.100980
389,0.030000,0.213285,0.100000
390,0.110000,0.871466,0.100000
391,0.000000,0.004832,0.100000
392,0.080000,0.468088,0.100000
393,0.160000,1.452115,0.100000
394,0.240000,1.740812,0.100980
395,0.320000,1.653464,0.100980
396,0.400000,0.905118,0.100980
397,0.480001,0.720078,0.100980
398,0.560000,0.200748,0.100980
399,0.639999,0.293629,0.100980
400,0.719998,0.259570,0.100980
401,0.799997,0.254867,0.101960
402,0.879996,0.159261,0.101960
403,0.050000,0.178238,0.100000
404,0.130000,0.293568,0.100000
405,0.010000,0.022641,0.100000
406,0.090000,0.805020,0.100000
407,0.170000,1.649957,0.100980
408,0.250000,1.710050,0.100980
409,0.330000,1.631222,0.100980
410,0.410000,1.328820,0.100980
411,0.060000,0.217366,0.100000
412,0.140000,0.330894,0.100000
413,0.000000,0.018709,0.100000
414,0.080000,0.412370,0.100000
415,0.160000,1.372446,0.100000
416,0.240000,1.674380,0.100000
417,0.010000,0.073813,0.100000
418,0.090000,0.469951,0.100000
419,0.010000,0.043230,0.100000
420,0.090000,0.481042,0.100000
421,0.170000,0.553347,0.100000
422,0.010000,0.098704,0.100000
423,0.090000,0.181171,0.100000
424,0.170000,0.422938,0.100000
425,0.030000,0.171056,0.100000
426,0.110000,0.699958,0.100980
427,0.190000,0.947731,0.100980
428,0.030000,0.099624,0.100000
429,0.110000,0.684963,0.100000
430,0.190000,0.762323,0.100000
431,0.030000,0.020047,0.100000
432,0.110000,0.930909,0.100980
433,0.190000,1.541701,0.100980
434,0.270000,1.528673,0.100980
435,0.350000,1.450407,0.100980
436,0.030000,0.132823,0.100000
437,0.110000,0.255409,0.100000
438,0.190000,0.288308,0.100980
439,0.050000,0.170452,0.100000
440,0.130000,1.186750,0.100000
441,0.210000,1.611794,0.100000
442,0.290000,1.611733,0.100000
443,0.370000,1.474528,0.100000
444,0.450001,0.614982,0.100980
445,0.030000,0.090828,0.100000
446,0.110000,0.551980,0.100000
447,0.190000,0.648274,0.100000
448,0.060000,0.290875,0.100000
449,0.140000,0.529144,0.100000
450,0.000000,0.016524,0.100000
451,0.080000,0.249650,0.100980
452,0.160000,0.464535,0.100980
453,0.050000,0.374954,0.100000
454,0.130000,1.341777,0.100000
455,0.210000,1.755587,0.100000
456,0.290000,1.692063,0.100000
457,0.370000,1.543527,0.100980
458,0.050000,0.312089,0.100000
459,0.130000,1.363602,0.100000
460,0.210000,1.757434,0.100000
461,0.290000,1.710908,0.100000
462,0.370000,1.651286,0.100000
463,0.000000,0.019563,0.100000
464,0.080000,0.483676,0.100000
465,0.010000,0.018147,0.100000
466,0.090000,1.026546,0.100000
467,0.170000,1.601661,0.100000
468,0.250000,1.614907,0.100000
469,0.330000,1.590664,0.100980
470,0.060000,0.305913,0.100000
471,0.140000,1.326291,0.100000
472,0.220000,1.514791,0.100000
473,0.300000,1.573877,0.100000
474,0.020000,0.101679,0.100000
475,0.100000,0.205963,0.100000
476,0.020000,0.126405,0.100000
477,0.100000,0.456888,0.100000
478,0.180000,0.361562,0.100000
479,0.050000,0.226702,0.100000
480,0.130000,0.681542,0.100000
481,0.050000,0.040216,0.100000
482,0.130000,0.940000,0.100980
483,0.210000,1.472211,0.100980
484,0.290000,1.501557,0.100980
485,0.370000,0.750723,0.100980
486,0.450001,0.593361,0.100980
487,0.530000,0.529291,0.100980
488,0.609999,0.375921,0.101960
489,0.040000,0.311580,0.100000
490,0.120000,0.979317,0.100000
491,0.060000,0.496882,0.100000
492,0.140000,1.434016,0.100000
493,0.220000,1.704016,0.100000
494,0.300000,1.665714,0.100980
495,0.380000,1.377589,0.100980
496,0.060000,0.577802,0.100000
497,0.140000,1.494965,0.100000
498,0.220000,1.670996,0.100000
499,0.300000,1.648172,0.100000
500,0.000000,0.017454,0.100000
501,0.080000,0.670628,0.100980
502,0.160000,1.375144,0.100980
503,0.240000,1.397546,0.100980
504,0.320000,1.309907,0.100980
505,0.030000,0.165739,0.100000
506,0.110000,0.410700,0.100000
507,0.010000,0.009150,0.100000
508,0.090000,0.821386,0.100000
509,0.170000,1.537111,0.100000
510,0.250000,1.578663,0.100000
511,0.330000,1.600735,0.100000
512,0.010000,0.040393,0.100000
513,0.090000,0.619169,0.100980
514,0.170000,1.364539,0.100980
515,0.250000,1.422037,0.100980
516,0.330000,1.470476,0.100980
517,0.410000,0.965581,0.100980
518,0.070000,0.368015,0.100000
519,0.150000,0.776643,0.100980
520,0.010000,0.013824,0.100000
521,0.090000,0.744262,0.100000
522,0.020000,0.024554,0.100000
523,0.100000,0.576807,0.100000
524,0.180000,1.513327,0.100000
525,0.260000,1.777774,0.100000
526,0.340000,1.641672,0.100980
527,0.420000,0.708575,0.100980
528,0.500001,0.719570,0.100980
529,0.580000,0.599085,0.100980
530,0.659999,0.339320,0.100980
531,0.739998,0.242235,0.100980
532,0.010000,0.023984,0.100000
533,0.090000,0.595574,0.100000
534,0.170000,1.114814,0.100000
535,0.250000,1.200925,0.100000
536,0.020000,0.054789,0.100000
537,0.100000,0.215838,0.100000
538,0.030000,0.172548,0.100000
539,0.110000,1.171821,0.100000
540,0.190000,1.544156,0.100000
541,0.270000,1.464158,0.100000
542,0.350000,1.318662,0.100000
543,0.430001,0.677007,0.100000
544,0.510001,0.444184,0.100980
545,0.589999,0.495726,0.100980
546,0.050000,0.216419,0.100000
547,0.130000,0.126061,0.100000
548,0.210000,0.197515,0.100000
549,0.070000,0.449380,0.100000
550,0.000000,0.009767,0.100000
551,0.080000,0.273768,0.100980
552,0.160000,1.365650,0.100980
553,0.240000,1.536978,0.100980
554,0.320000,1.472615,0.100980
555,0.030000,0.154825,0.100000
556,0.110000,0.267804,0.100000
557,0.190000,0.512922,0.100980
558,0.050000,0.141461,0.100000
559,0.130000,0.428187,0.100000
560,0.000000,0.014421,0.100000
561,0.080000,0.308708,0.100000
562,0.160000,1.355997,0.100000
563,0.240000,1.770453,0.100980
564,0.320000,1.657684,0.100980
565,0.400000,1.790867,0.100980
566,0.050000,0.261444,0.100000
567,0.130000,1.260424,0.100000
568,0.210000,1.785542,0.100000
569,0.290000,1.745724,0.100980
570,0.370000,1.491930,0.100980
571,0.040000,0.022041,0.100000
572,0.120000,0.242633,0.100000
573,0.010000,0.048502,0.100000
574,0.090000,0.730138,0.100000
575,0.170000,1.646189,0.100000
576,0.250000,1.835812,0.100980
577,0.330000,1.689240,0.100980
578,0.410000,1.186312,0.100980
579,0.060000,0.197552,0.100000
580,0.000000,0.002869,0.100000
581,0.080000,0.846944,0.100000
582,0.160000,1.643045,0.100980
583,0.240000,1.712318,0.100980
584,0.320000,1.607127,0.100980
585,0.400000,1.321137,0.100980
586,0.480001,0.821825,0.100980
587,0.560000,0.412782,0.100980
588,0.639999,0.370118,0.101960
589,0.040000,0.152914,0.100000
590,0.120000,0.203785,0.100000
591,0.020000,0.018047,0.100000
592,0.100000,0.875268,0.100000
593,0.180000,1.694010,0.100000
594,0.260000,1.723944,0.100980
595,0.340000,1.677533,0.100980
596,0.010000,0.073934,0.100000
597,0.090000,0.201029,0.100000
598,0.170000,0.551436,0.100000
599,0.040000,0.092534,0.100000
600,0.120000,1.061125,0.100000
601,0.200000,1.662911,0.100980
602,0.280000,1.631462,0.100980
603,0.360000,1.679766,0.100980
604,0.020000,0.039182,0.100000
605,0.100000,0.278638,0.100000
606,0.180000,0.402862,0.100000
607,0.070000,0.252671,0.100980
608,0.150000,1.293511,0.100980
609,0.230000,1.624984,0.100980
610,0.310000,1.559668,0.100980
611,0.390000,0.992555,0.100980
612,0.060000,0.288770,0.100000
613,0.140000,0.729286,0.100980
614,0.220000,1.067616,0.100980
615,0.030000,0.107358,0.100000
616,0.110000,0.719647,0.100000
617,0.190000,0.908322,0.100000
618,0.020000,0.075212,0.100000
619,0.100000,0.831527,0.100980
620,0.020000,0.167741,0.100000
621,0.100000,0.483979,0.100000
622,0.020000,0.098520,0.100000
623,0.100000,0.491785,0.100000
624,0.180000,1.514259,0.100000
625,0.260000,1.764397,0.100000
626,0.340000,1.608607,0.100980
627,0.010000,0.046727,0.100000
628,0.090000,0.523095,0.100000
629,0.170000,0.575528,0.100000
630,0.000000,0.017323,0.100000
631,0.080000,0.850645,0.100000
632,0.160000,1.635688,0.100980
633,0.240000,1.675081,0.100980
634,0.320000,1.560377,0.100980
635,0.400000,1.532157,0.100980
636,0.060000,0.316025,0.100000
637,0.140000,1.328433,0.100000
638,0.220000,1.735616,0.100980
639,0.300000,1.600370,0.100980
640,0.380000,0.996309,0.100980
641,0.460001,0.751417,0.100980
642,0.540000,0.625853,0.100980
643,0.030000,0.151966,0.100000
644,0.110000,1.144867,0.100980
645,0.190000,1.359911,0.100980
646,0.270000,1.308408,0.100980
647,0.000000,0.043562,0.100000
648,0.080000,0.397974,0.100000
649,0.000000,0.002767,0.100000
650,0.080000,0.667311,0.100000
651,0.160000,1.561466,0.100980
652,0.240000,1.589525,0.100980
653,0.320000,1.559293,0.100980
654,0.010000,0.007776,0.100000
655,0.090000,0.085756,0.100000
656,0.030000,0.082257,0.100000
657,0.110000,0.337381,0.100980
658,0.190000,0.370891,0.100980
659,0.060000,0.414098,0.100000
660,0.140000,1.399808,0.100000
661,0.220000,1.673888,0.100000
662,0.300000,1.654414,0.100000
663,0.380000,0.925792,0.100980
664,0.460001,0.463208,0.100980
665,0.540000,0.344296,0.100980
666,0.020000,0.045136,0.100000
667,0.100000,0.916438,0.100000
668,0.180000,1.587316,0.100000
669,0.260000,1.580180,0.100980
670,0.340000,1.618212,0.100980
671,0.030000,0.068429,0.100000
672,0.110000,0.439576,0.100000
673,0.040000,0.215170,0.100000
674,0.120000,1.217190,0.100000
675,0.200000,1.547366,0.100000
676,0.280000,1.447749,0.100980
677,0.360000,0.916542,0.100980
678,0.050000,0.190388,0.100000
679,0.130000,0.513344,0.100000
680,0.010000,0.018271,0.100000
681,0.090000,0.658725,0.100000
682,0.170000,1.576687,0.100980
683,0.250000,1.718641,0.100980
684,0.330000,1.588061,0.100980
685,0.010000,0.039572,0.100000
686,0.090000,0.298636,0.100000
687,0.170000,0.556945,0.100000
688,0.030000,0.162773,0.100000
689,0.110000,1.181209,0.100000
690,0.190000,1.686663,0.100000
691,0.270000,1.660005,0.100000
692,0.350000,1.534985,0.100000
693,0.070000,0.383720,0.100000
694,0.150000,1.432449,0.100980
695,0.230000,1.767552,0.100980
696,0.310000,1.641883,0.100980
697,0.390000,1.823361,0.100980
698,0.040000,0.307542,0.100000
699,0.120000,0.772171,0.100000
700,0.070000,0.751421,0.100000
701,0.150000,1.594001,0.100980
702,0.230000,1.584462,0.100980
703,0.310000,1.561966,0.100980
704,0.390000,0.856601,0.100980
705,0.070000,0.279784,0.100000
706,0.150000,0.448631,0.100000
707,0.000000,0.028378,0.100000
708,0.080000,0.826433,0.100000
709,0.160000,1.642385,0.100000
710,0.240000,1.617064,0.100000
711,0.320000,1.584149,0.100000
712,0.400000,1.668699,0.100000
713,0.070000,0.472931,0.100980
714,0.000000,0.020312,0.100000
715,0.080000,0.871480,0.100000
716,0.160000,1.013028,0.100000
717,0.240000,0.911041,0.100000
718,0.000000,0.028459,0.100000
719,0.080000,0.643555,0.100980
720,0.000000,0.017112,0.100000
721,0.080000,0.492354,0.100000
722,0.160000,0.607576,0.100000
723,0.040000,0.329107,0.100000
724,0.120000,0.910365,0.100000
725,0.070000,0.247322,0.100000
726,0.150000,1.267849,0.100980
727,0.230000,1.490463,0.100980
728,0.310000,1.343533,0.100980
729,0.000000,0.016519,0.100000
730,0.080000,0.189585,0.100000
731,0.160000,0.239048,0.100000
732,0.070000,0.314662,0.100980
733,0.150000,1.365456,0.100980
734,0.230000,1.585217,0.100980
735,0.310000,1.526336,0.100980
736,0.390000,0.827266,0.100980
737,0.070000,0.268364,0.100000
738,0.150000,0.690807,0.100980
739,0.230000,0.865833,0.100980
740,0.070000,0.378256,0.100000
741,0.150000,0.613273,0.100000
742,0.030000,0.078639,0.100000
743,0.110000,1.023760,0.100000
744,0.190000,1.759721,0.100980
745,0.270000,1.765723,0.100980
746,0.350000,1.705712,0.100980
747,0.430001,0.927878,0.100980
748,0.510001,0.580478,0.100980
749,0.060000,0.357206,0.100000
750,0.030000,0.221592,0.100000
751,0.110000,0.543810,0.100980
752,0.190000,0.846446,0.100980
753,0.060000,0.588945,0.100000
754,0.140000,0.956032,0.100000
755,0.070000,0.228344,0.100000
756,0.150000,1.198126,0.100000
757,0.230000,1.728816,0.100980
758,0.310000,1.692163,0.100980
759,0.390000,0.838837,0.100980
760,0.060000,0.506842,0.100000
761,0.140000,0.841867,0.100000
762,0.220000,0.917561,0.100000
763,0.070000,0.196557,0.100980
764,0.150000,0.331727,0.100980
765,0.070000,0.622366,0.100000
766,0.150000,1.558616,0.100000
767,0.230000,1.798034,0.100000
768,0.310000,1.751183,0.100000
769,0.390000,1.616196,0.100980
770,0.070000,0.524479,0.100000
771,0.150000,0.457477,0.100000
772,0.010000,0.068273,0.100000
773,0.090000,0.794348,0.100000
774,0.170000,1.218804,0.100000
775,0.060000,0.570405,0.100000
776,0.140000,0.996667,0.100980
777,0.220000,0.963729,0.100980
778,0.030000,0.069894,0.100000
779,0.110000,0.534801,0.100000
780,0.190000,0.870132,0.100000
781,0.070000,0.621798,0.100000
782,0.150000,1.569180,0.100980
783,0.230000,1.674500,0.100980
784,0.310000,1.573038,0.100980
785,0.390000,1.253814,0.100980
786,0.050000,0.131401,0.100000
787,0.130000,0.142994,0.100000
788,0.070000,0.586733,0.100980
789,0.150000,1.442381,0.100980
790,0.230000,1.502420,0.100980
791,0.310000,1.491266,0.100980
792,0.000000,0.037968,0.100000
793,0.080000,0.474164,0.100000
794,0.160000,0.873808,0.100980
795,0.240000,1.105202,0.100980
796,0.050000,0.403785,0.100000
797,0.130000,1.144399,0.100000
798,0.210000,1.081459,0.100000
799,0.070000,0.218774,0.100000
800,0.150000,0.422738,0.100000
801,0.030000,0.120109,0.100000
802,0.110000,1.143719,0.100000
803,0.190000,1.771853,0.100000
804,0.270000,1.709804,0.100000
805,0.350000,1.656977,0.100000
806,0.040000,0.256239,0.100000
807,0.120000,1.324832,0.100980
808,0.200000,1.600467,0.100980
809,0.280000,1.467627,0.100980
810,0.360000,1.577605,0.100980
811,0.440001,0.347752,0.100980
812,0.520000,0.202098,0.100980
813,0.599999,0.318257,0.101960
814,0.679998,0.328192,0.101960
815,0.759997,0.188315,0.101960
816,0.839996,0.249054,0.101960
817,0.060000,0.212786,0.100000
818,0.140000,0.331914,0.100000
819,0.020000,0.113312,0.100980
820,0.100000,0.575073,0.100980
821,0.180000,1.511428,0.100980
822,0.260000,1.570333,0.100980
823,0.340000,1.563458,0.100980
824,0.420000,1.531534,0.100980
825,0.040000,0.156270,0.100000
826,0.120000,0.691048,0.100980
827,0.200000,1.112286,0.100980
828,0.010000,0.039776,0.100000
829,0.090000,0.923453,0.100000
830,0.170000,1.650169,0.100000
831,0.250000,1.737825,0.100000
832,0.330000,1.586621,0.100980
833,0.020000,0.016133,0.100000
834,0.100000,0.254252,0.100000
835,0.010000,0.028513,0.100000
836,0.090000,0.748269,0.100000
837,0.020000,0.026244,0.100000
838,0.100000,0.951903,0.100980
839,0.180000,1.471581,0.100980
840,0.260000,1.452613,0.100980
841,0.340000,1.572449,0.100980
842,0.020000,0.022125,0.100000
843,0.100000,0.364890,0.100000
844,0.040000,0.274255,0.100980
845,0.120000,0.968263,0.100980
846,0.200000,0.953953,0.100980
847,0.040000,0.148430,0.100000
848,0.120000,1.197028,0.100000
849,0.200000,1.609923,0.100000
850,0.280000,1.593996,0.100000
851,0.360000,1.592996,0.100980
852,0.070000,0.248212,0.100000
853,0.150000,0.547354,0.100000
854,0.060000,0.635558,0.100000
855,0.140000,1.485999,0.100000
856,0.220000,1.594992,0.100000
857,0.300000,1.517536,0.100980
858,0.000000,0.015246,0.100000
859,0.080000,0.809391,0.100000
860,0.160000,1.646187,0.100000
861,0.240000,1.704942,0.100000
862,0.320000,1.667576,0.100000
863,0.000000,0.011222,0.100000
864,0.080000,0.853962,0.100000
865,0.160000,1.591690,0.100000
866,0.240000,1.682772,0.100000
867,0.320000,1.499498,0.100000
868,0.070000,0.090705,0.100000
869,0.150000,0.796709,0.100980
870,0.230000,1.160228,0.100980
871,0.050000,0.300541,0.100000
872,0.130000,0.695212,0.100000
873,0.000000,0.013019,0.100000
874,0.080000,0.313576,0.100000
875,0.160000,1.391185,0.100000
876,0.240000,1.713895,0.100980
877,0.320000,1.567473,0.100980
878,0.400000,1.764999,0.100980
879,0.040000,0.247729,0.100000
880,0.120000,0.260060,0.100000
881,0.200000,0.089392,0.100000
882,0.060000,0.162023,0.100980
883,0.140000,1.258642,0.100980
884,0.220000,1.516073,0.100980
885,0.300000,1.410212,0.100980
886,0.380000,1.606375,0.100980
887,0.460001,1.426541,0.100980
888,0.540000,0.950438,0.101960
889,0.060000,0.280431,0.100000
890,0.140000,1.249022,0.100000
891,0.220000,1.466039,0.100000
892,0.300000,1.424971,0.100000
893,0.030000,0.075858,0.100000
894,0.110000,0.303668,0.100980
895,0.000000,0.002470,0.100000
896,0.080000,0.885435,0.100000
897,0.160000,1.627102,0.100000
898,0.240000,1.623437,0.100000
899,0.320000,1.590942,0.100000
900,0.020000,0.105776,0.100000
901,0.100000,0.282614,0.100980
902,0.180000,0.473789,0.100980
903,0.060000,0.375028,0.100000
904,0.140000,1.394013,0.100000
905,0.220000,1.807742,0.100000
906,0.300000,1.791800,0.100000
907,0.380000,1.483594,0.100980
908,0.060000,0.428168,0.100000
909,0.140000,0.995792,0.100000
910,0.060000,0.637980,0.100000
911,0.140000,1.485391,0.100000
912,0.220000,1.617271,0.100000
913,0.300000,1.471990,0.100980
914,0.010000,0.030296,0.100000
915,0.090000,0.334715,0.100000
916,0.170000,0.407245,0.100000
917,0.060000,0.549463,0.100000
918,0.140000,1.460165,0.100000
919,0.220000,1.631473,0.100980
920,0.300000,1.573123,0.100980
921,0.380000,1.357090,0.100980
922,0.070000,0.710272,0.100000
923,0.150000,1.512284,0.100000
924,0.230000,1.614518,0.100000
925,0.310000,1.597286,0.100000
926,0.390000,1.461142,0.100980
927,0.070000,0.663472,0.100000
928,0.150000,1.568014,0.100000
929,0.230000,1.758741,0.100000
930,0.310000,1.688772,0.100000
931,0.010000,0.080457,0.100000
932,0.090000,0.870879,0.100980
933,0.170000,1.471703,0.100980
934,0.250000,1.399444,0.100980
935,0.330000,1.566311,0.100980
936,0.040000,0.080348,0.100000
937,0.120000,0.961927,0.100000
938,0.200000,1.505445,0.100980
939,0.280000,1.443349,0.100980
940,0.360000,1.327774,0.100980
941,0.040000,0.092384,0.100000
942,0.120000,0.545251,0.100000
943,0.200000,0.287967,0.100000
944,0.050000,0.202923,0.100980
945,0.130000,1.110311,0.100980
946,0.210000,1.436319,0.100980
947,0.290000,1.384848,0.100980
948,0.010000,0.038761,0.100000
949,0.090000,0.136218,0.100000
950,0.030000,0.054316,0.100000
951,0.110000,0.702327,0.100980
952,0.190000,1.488595,0.100980
953,0.270000,1.531419,0.100980
954,0.350000,1.552578,0.100980
955,0.060000,0.175460,0.100000
956,0.140000,0.265629,0.100000
957,0.040000,0.119605,0.100000
958,0.120000,1.082070,0.100000
959,0.200000,1.571944,0.100000
960,0.280000,1.603102,0.100000
961,0.360000,1.434838,0.100000
962,0.030000,0.142227,0.100000
963,0.110000,1.130515,0.100980
964,0.190000,1.534146,0.100980
965,0.270000,1.457780,0.100980
966,0.350000,1.024802,0.100980
967,0.060000,0.172555,0.100000
968,0.140000,0.429544,0.100000
969,0.060000,0.576030,0.100980
970,0.140000,1.472250,0.100980
971,0.220000,1.482667,0.100980
972,0.300000,1.441280,0.100980
973,0.380000,1.040499,0.100980
974,0.460001,0.585691,0.100980
975,0.020000,0.099445,0.100000
976,0.100000,0.947509,0.100980
977,0.180000,1.116188,0.100980
978,0.260000,0.941668,0.100980
979,0.050000,0.115323,0.100000
980,0.130000,0.099153,0.100000
981,0.020000,0.097946,0.100000
982,0.100000,0.400265,0.100980
983,0.050000,0.379369,0.100000
984,0.130000,1.364524,0.100000
985,0.210000,1.643963,0.100000
986,0.290000,1.623537,0.100000
987,0.370000,1.475834,0.100000
988,0.040000,0.021385,0.100980
989,0.120000,0.977287,0.100980
990,0.200000,1.521511,0.100980
991,0.280000,1.464265,0.100980
992,0.360000,1.669070,0.100980
993,0.030000,0.071391,0.100000
994,0.110000,0.863695,0.100980
995,0.190000,1.437693,0.100980
996,0.010000,0.010288,0.100000
997,0.090000,0.562763,0.100000
998,0.170000,0.759052,0.100000
999,0.060000,0.244264,0.100000
1000,0.140000,0.455965,0.100000
1001,0.000000,0.022232,0.100000
1002,0.080000,0.669997,0.100000
1003,0.010000,0.063190,0.100000
1004,0.090000,0.840518,0.100000
1005,0.170000,1.639334,0.100000
1006,0.250000,1.623615,0.100000
1007,0.330000,1.609434,0.100980
1008,0.030000,0.056415,0.100000
1009,0.110000,0.966111,0.100000
1010,0.190000,1.504113,0.100000
1011,0.270000,1.510140,0.100000
1012,0.350000,1.376111,0.100000
1013,0.430001,0.444421,0.100980
1014,0.050000,0.343535,0.100000
1015,0.010000,0.025621,0.100000
1016,0.090000,1.004039,0.100000
1017,0.170000,1.495023,0.100000
1018,0.250000,1.429868,0.100000
1019,0.000000,0.005336,0.100000
1020,0.080000,0.667480,0.100000
1021,0.160000,1.201483,0.100000
1022,0.240000,1.043584,0.100000
1023,0.050000,0.090152,0.100000
1024,0.130000,1.114422,0.100000
1025,0.210000,1.638368,0.100000
1026,0.290000,1.511888,0.100980
1027,0.370000,1.675936,0.100980
1028,0.000000,0.019202,0.100000
1029,0.080000,0.398581,0.100000
1030,0.160000,1.005890,0.100000
1031,0.020000,0.072765,0.100000
1032,0.100000,0.578941,0.100980
1033,0.040000,0.210271,0.100000
1034,0.120000,1.211966,0.100000
1035,0.200000,1.598871,0.100000
1036,0.280000,1.583059,0.100000
1037,0.360000,1.097615,0.100000
1038,0.440001,0.865434,0.100980
1039,0.070000,0.717211,0.100000
1040,0.150000,1.574744,0.100000
1041,0.230000,1.694234,0.100000
1042,0.310000,1.670023,0.100000
1043,0.010000,0.076498,0.100000
1044,0.090000,0.709262,0.100980
1045,0.170000,1.506570,0.100980
1046,0.250000,1.479213,0.100980
1047,0.330000,1.497861,0.100980
1048,0.000000,0.024450,0.100000
1049,0.080000,0.424844,0.100000
1050,0.160000,0.609078,0.100000
1051,0.040000,0.247919,0.100000
1052,0.120000,1.245886,0.100000
1053,0.200000,1.714559,0.100000
1054,0.280000,1.703701,0.100000
1055,0.360000,1.686002,0.100000
1056,0.030000,0.069433,0.100000
1057,0.110000,0.639276,0.100980
1058,0.030000,0.315149,0.100000
1059,0.110000,0.458214,0.100000
1060,0.030000,0.005610,0.100000
1061,0.110000,0.867872,0.100000
1062,0.190000,1.697047,0.100000
1063,0.270000,1.812187,0.100980
1064,0.350000,1.520992,0.100980
1065,0.050000,0.424374,0.100000
1066,0.130000,1.362450,0.100000
1067,0.210000,1.646225,0.100000
1068,0.290000,1.605011,0.100000
1069,0.370000,1.396028,0.100980
1070,0.070000,0.414967,0.100000
1071,0.150000,0.657424,0.100000
1072,0.020000,0.029790,0.100000
1073,0.100000,0.480053,0.100000
1074,0.020000,0.002307,0.100000
1075,0.100000,0.245409,0.100000
1076,0.020000,0.084696,0.100000
1077,0.100000,1.130691,0.100000
1078,0.180000,1.689825,0.100000
1079,0.260000,1.665820,0.100000
1080,0.340000,1.591985,0.100000
1081,0.050000,0.409569,0.100000
1082,0.130000,1.438305,0.100980
1083,0.210000,1.615997,0.100980
1084,0.290000,1.517838,0.100980
1085,0.370000,1.448125,0.100980
1086,0.040000,0.127326,0.100000
1087,0.120000,0.455418,0.100000
1088,0.200000,0.362459,0.100980
1089,0.060000,0.209006,0.100000
1090,0.140000,0.480245,0.100000
1091,0.010000,0.046978,0.100000
1092,0.090000,0.600677,0.100000
1093,0.170000,0.529171,0.100000
1094,0.250000,0.687305,0.100980
1095,0.060000,0.594845,0.100000
1096,0.140000,1.522720,0.100000
1097,0.220000,1.617404,0.100000
1098,0.300000,1.523477,0.100000
1099,0.380000,1.634237,0.100000
1100,0.070000,0.379380,0.100000
1101,0.020000,0.049380,0.100000
1102,0.100000,0.885060,0.100000
1103,0.180000,1.686891,0.100000
1104,0.260000,1.790783,0.100000
1105,0.340000,1.794055,0.100000
1106,0.030000,0.097590,0.100000
1107,0.110000,0.422798,0.100980
1108,0.070000,0.264678,0.100000
1109,0.000000,0.002101,0.100000
1110,0.080000,0.624732,0.100000
1111,0.160000,1.574348,0.100000
1112,0.240000,1.650357,0.100000
1113,0.320000,1.529750,0.100980
1114,0.400000,1.501307,0.100980
1115,0.480001,0.416409,0.100980
1116,0.560000,0.329829,0.100980
1117,0.040000,0.192666,0.100000
1118,0.120000,0.153064,0.100000
1119,0.050000,0.385004,0.100980
1120,0.130000,1.369150,0.100980
1121,0.210000,1.542208,0.100980
1122,0.290000,1.454460,0.100980
1123,0.370000,1.067902,0.100980
1124,0.450001,0.581056,0.100980
1125,0.530000,0.253238,0.100980
1126,0.609999,0.363367,0.101960
1127,0.689998,0.337963,0.101960
1128,0.769997,0.299304,0.101960
1129,0.849996,0.266334,0.101960
1130,0.060000,0.206586,0.100000
1131,0.140000,0.557017,0.100000
1132,0.220000,0.640139,0.100980
1133,0.060000,0.460898,0.100000
1134,0.140000,1.460150,0.100000
1135,0.220000,1.767354,0.100000
1136,0.300000,1.731050,0.100000
1137,0.380000,1.681531,0.100000
1138,0.050000,0.242279,0.100980
1139,0.130000,0.578924,0.100980
1140,0.000000,0.019442,0.100000
1141,0.080000,0.779284,0.100000
1142,0.160000,1.636797,0.100000
1143,0.240000,1.672557,0.100000
1144,0.320000,1.619279,0.100980
1145,0.000000,0.029891,0.100000
1146,0.080000,0.527469,0.100000
1147,0.160000,1.492985,0.100000
1148,0.240000,1.606730,0.100000
1149,0.320000,1.607049,0.100000
1150,0.400000,1.412512,0.100000
1151,0.050000,0.293874,0.100000
1152,0.130000,0.295776,0.100000
1153,0.050000,0.443964,0.100000
1154,0.130000,0.465011,0.100000
1155,0.050000,0.250806,0.100000
1156,0.130000,0.142767,0.100000
1157,0.070000,0.220670,0.100980
1158,0.150000,1.267887,0.100980
1159,0.230000,1.624992,0.100980
1160,0.310000,1.496729,0.100980
1161,0.000000,0.015297,0.100000
1162,0.080000,0.168529,0.100000
1163,0.000000,0.005328,0.100000
1164,0.080000,0.927847,0.100000
1165,0.160000,1.587759,0.100000
1166,0.240000,1.594630,0.100000
1167,0.320000,1.579480,0.100000
1168,0.030000,0.250613,0.100000
1169,0.110000,1.050974,0.100980
1170,0.190000,1.177459,0.100980
1171,0.270000,1.042321,0.100980
1172,0.000000,0.027452,0.100000
1173,0.080000,0.159600,0.100000
1174,0.020000,0.106502,0.100000
1175,0.100000,1.149945,0.100000
1176,0.180000,1.673866,0.100980
1177,0.260000,1.613127,0.100980
1178,0.340000,1.608634,0.100980
1179,0.030000,0.083281,0.100000
1180,0.110000,0.058684,0.100000
1181,0.050000,0.152348,0.100000
1182,0.130000,1.204918,0.100980
1183,0.210000,1.540980,0.100980
1184,0.290000,1.476917,0.100980
1185,0.000000,0.052264,0.100000
1186,0.080000,0.488974,0.100000
1187,0.160000,1.497407,0.100000
1188,0.240000,1.701107,0.100980
1189,0.320000,1.618108,0.100980
1190,0.400000,1.123878,0.100980
1191,0.070000,0.207593,0.100000
1192,0.030000,0.024100,0.100000
1193,0.110000,0.272634,0.100000
1194,0.190000,0.126843,0.100980
1195,0.030000,0.162886,0.100000
1196,0.110000,0.585998,0.100000
1197,0.190000,0.594893,0.100000
1198,0.040000,0.309800,0.100000
1199,0.120000,1.306718,0.100000
1200,0.200000,1.667314,0.100000
1201,0.280000,1.579176,0.100980
1202,0.000000,0.020396,0.100000
1203,0.080000,0.597063,0.100000
1204,0.160000,0.681779,0.100000
1205,0.020000,0.030433,0.100000
1206,0.100000,0.815343,0.100000
1207,0.180000,1.472469,0.100980
1208,0.260000,1.491101,0.100980
1209,0.340000,1.488603,0.100980
1210,0.020000,0.057916,0.100000
1211,0.100000,0.067771,0.100000
1212,0.000000,0.005059,0.100000
1213,0.080000,0.462521,0.100980
1214,0.160000,1.376382,0.100980
1215,0.240000,1.464222,0.100980
1216,0.320000,1.436879,0.100980
1217,0.000000,0.058045,0.100000
1218,0.080000,0.372190,0.100000
1219,0.160000,1.264497,0.100980
1220,0.240000,1.763676,0.100980
1221,0.320000,1.640337,0.100980
1222,0.400000,0.456393,0.100980
1223,0.480001,0.369185,0.100980
1224,0.560000,0.091684,0.100980
1225,0.639999,0.174898,0.100980
1226,0.719998,0.120818,0.101960
1227,0.799997,0.036845,0.101960
1228,0.879996,0.101155,0.101960
1229,0.070000,0.739863,0.100000
1230,0.150000,1.307980,0.100000
1231,0.020000,0.200426,0.100000
1232,0.100000,0.426568,0.100980
1233,0.180000,0.464837,0.100980
1234,0.050000,0.371733,0.100000
1235,0.130000,1.103798,0.100000
1236,0.060000,0.653483,0.100000
1237,0.140000,1.529981,0.100000
1238,0.220000,1.674992,0.100980
1239,0.300000,1.588762,0.100980
1240,0.380000,0.885327,0.100980
1241,0.070000,0.622290,0.100000
1242,0.150000,1.496001,0.100000
1243,0.230000,1.675149,0.100000
1244,0.310000,1.616227,0.100980
1245,0.000000,0.038977,0.100000
1246,0.080000,0.384000,0.100000
1247,0.010000,0.033193,0.100000
1248,0.090000,0.984618,0.100000
1249,0.170000,1.617865,0.100000
